{"version":"6.3.0","unity":{"scripts":{"excludes":["**/Editor/","**/Luna/RuntimeScripts/","**/Editor/","**/Luna/RuntimeScripts/","**/FacebookSDK/","**/googleads**/","**/AdMobPlugin/","**/InMobiAds/","**/AudienceNetwork/","**/YandexMobileAds/","**/Fyber/","**/FairBid/","**/AppsFlyer/","**/IronSource/","**/Vungle/","**/NiceVibrations/","**/GameAnalytics/","**/UnityAds/","**/UnityPurchasing/","**/SupersonicWisdom/","**/StompyRobot/SRDebugger/","**/StompyRobot/SRF/","**/StompyRobot/SROptions/","**/ThirdParty/Obi/","**/Obi/","**/UniWebView/","**/Plugins/Sirenix/Assemblies/","**/Plugins/Sirenix/Odin Inspector/","**/Sirenix/Assemblies/","**/Sirenix/Odin Inspector/","**/MeshCombiner/","**/AnimationBaker/","Stubs/GameAnalyticsSDK","Stubs/Facebook.Unity","Stubs/FacebookGames","Stubs/FacebookPlatformServiceClient","Stubs/AdMobPlugin","Stubs/UnityEngine.Monetization","Stubs/UnityEngine.Advertisements","Stubs/UnityEngine.Purchasing","Stubs/Uniject","Stubs/InMobiAds","Stubs/AudienceNetwork","Stubs/YandexMobileAds","Stubs/Fyber","Stubs/GoogleMobileAds","Stubs/MiniJSON","Stubs/Firebase","Stubs/AppsFlyer","Stubs/IronSource","Stubs/Vungle","Stubs/MoreMountains.NiceVibrations","Stubs/StompyRobot/SRDebugger/","Stubs/StompyRobot/SRF/","Stubs/StompyRobot/SROptions/","Stubs/ThirdParty/Obi/","Stubs/Obi/","Stubs/UniWebView/","Stubs/Plugins/Sirenix/Assemblies/","Stubs/Plugins/Sirenix/Odin Inspector/","Stubs/Sirenix/Assemblies/","Stubs/Sirenix/Odin Inspector/","Stubs/MeshCombiner/","Stubs/AnimationBaker/","Stubs/SupersonicWisdom/"],"useMSBuild":true,"msbuildLinux64":"/usr/bin/msbuild","externalJSLibraries":[],"scriptingDefines":[],"msbuildVersion":"16.10","monoVersion":"9.0.7","dotnetVersion":""},"assets":{"export":[],"excludes":["**/Editor/","**/FacebookSDK/","**/googleads**/","**/AdMobPlugin/","**/InMobiAds/","**/AudienceNetwork/","**/YandexMobileAds/","**/Fyber/","**/FairBid/","**/AppsFlyer/","**/IronSource/","**/Vungle/","**/NiceVibrations/","**/GameAnalytics/","**/UnityAds/","**/UnityPurchasing/","Stubs/GameAnalyticsSDK","Stubs/Facebook.Unity","Stubs/FacebookGames","Stubs/FacebookPlatformServiceClient","Stubs/AdMobPlugin","Stubs/UnityEngine.Monetization","Stubs/UnityEngine.Advertisements","Stubs/UnityEngine.Purchasing","Stubs/Uniject","Stubs/InMobiAds","Stubs/AudienceNetwork","Stubs/YandexMobileAds","Stubs/Fyber","Stubs/GoogleMobileAds","Stubs/MiniJSON","Stubs/Firebase","Stubs/AppsFlyer","Stubs/IronSource","Stubs/Vungle","Stubs/MoreMountains.NiceVibrations","**/Editor/","**/FacebookSDK/","**/googleads**/","**/AdMobPlugin/","**/InMobiAds/","**/AudienceNetwork/","**/YandexMobileAds/","**/Fyber/","**/FairBid/","**/AppsFlyer/","**/IronSource/","**/Vungle/","**/NiceVibrations/","**/GameAnalytics/","**/UnityAds/","**/UnityPurchasing/","Stubs/GameAnalyticsSDK","Stubs/Facebook.Unity","Stubs/FacebookGames","Stubs/FacebookPlatformServiceClient","Stubs/AdMobPlugin","Stubs/UnityEngine.Monetization","Stubs/UnityEngine.Advertisements","Stubs/UnityEngine.Purchasing","Stubs/Uniject","Stubs/InMobiAds","Stubs/AudienceNetwork","Stubs/YandexMobileAds","Stubs/Fyber","Stubs/GoogleMobileAds","Stubs/MiniJSON","Stubs/Firebase","Stubs/AppsFlyer","Stubs/IronSource","Stubs/Vungle","Stubs/MoreMountains.NiceVibrations"],"includes":["Assets/Resources/DOTweenSettings.asset","Assets/Resources/DOTweenSettings.asset","Assets/TextMesh Pro/Resources/TMP Settings.asset"]},"scenes":["Assets/Scenes/SampleScene.unity"],"startupScene":0,"packages":{"default":{"applicationName":"","iosLink":"","androidLink":"","orientation":"unspecified","languages":["en","en"]},"ironsource":{"appID":"","assetID":"","applicationGenre":"","versionName":"","apiType":0,"playableMode":0,"packageType":0},"facebook":{"assetID":"","packageType":1,"disableCompression":false}},"preloader":{"active":true,"logo":""},"enableRealtimeShadows":false,"disableReferenceAmbientProbe":true,"enableDynamicBatching":false,"minify":true,"forceUncompressed":false,"forceBase64":false,"graphicsConstraint":28,"genericCheck":true,"eliminateDeadCode":false,"allowSymlinks":false,"usingWebWorkers":"off","reaperVersion":1,"disableRuntimeAnalysisForCode":true,"disableRuntimeAnalysisForShaders":false,"preventUpdatingRAListWhenRAIsDisabled":false,"unusedModules":[{"name":"physics3d","excluded":false,"forceIncluded":false},{"name":"physics2d","excluded":false,"forceIncluded":false},{"name":"particle-system","excluded":false,"forceIncluded":false},{"name":"reflection","excluded":false,"forceIncluded":false},{"name":"prefabs","excluded":false,"forceIncluded":false},{"name":"mecanim-wasm","excluded":false,"forceIncluded":false}],"unusedClasses":[],"unusedMethods":[],"forceIncludedClasses":["LunaUnity.Utils.CompressedResources","LunaUnity.Utils.ExternalResources","LunaUnity.Utils.InlineResources","LunaUnity.Utils.Network","LunaUnity.Audio.Manager","Luna.Unity.Analytics","Luna.Unity.Analytics.EventType","Luna.Unity.Playable","Luna.Unity.LifeCycle","Luna.Unity.HapticFeedbackType","Luna.Unity.CallbackTypes","Luna.Unity.Nucleo","Luna.Unity.Nucleo.EventTypes","Luna.Unity.TriggerTypes","Luna.Unity.BuildPlatforms","Luna.Unity.NativeShare","Luna.Unity.FacebookInstantGames.ContextFilter","Luna.Unity.FacebookInstantGames.UpdateAction","Luna.Unity.FacebookInstantGames.Platform","Luna.Unity.FacebookInstantGames.ContextType","Luna.Unity.FacebookInstantGames.Intent","Luna.Unity.FacebookInstantGames.ErrorCodeType","Luna.Unity.FacebookInstantGames.UpdateStrategy","Luna.Unity.FacebookInstantGames.Leaderboard","Luna.Unity.FacebookInstantGames.LeaderboardEntry","Luna.Unity.FacebookInstantGames.LeaderboardPlayer","Luna.Unity.FacebookInstantGames.ConnectedPlayer","Luna.Unity.FacebookInstantGames.SignedPlayerInfo","Luna.Unity.FacebookInstantGames.ContextPlayer","Luna.Unity.FacebookInstantGames.AdInstance","Luna.Unity.FacebookInstantGames.Product","Luna.Unity.FacebookInstantGames.ContextSizeResponse","Luna.Unity.FacebookInstantGames.Purchase","Luna.Unity.FacebookInstantGames.ContextOptions","Luna.Unity.FacebookInstantGames.InvitePayload","Luna.Unity.FacebookInstantGames.SharePayload","Luna.Unity.FacebookInstantGames.APIError","Luna.Unity.FacebookInstantGames.PurchaseConfig","Luna.Unity.FacebookInstantGames.CustomUpdatePayload","Luna.Unity.FacebookInstantGames.LeaderboardUpdatePayload","Luna.Unity.FacebookInstantGames.LocalizableContent","Luna.Unity.FacebookInstantGames.DataObject","Luna.Unity.FacebookInstantGames.StatsObject","Luna.Unity.FacebookInstantGames.IncrementObject","Luna.Unity.FacebookInstantGames.LocalizationsDict","Luna.Unity.FacebookInstantGames.Player","Luna.Unity.FacebookInstantGames.Context","Luna.Unity.FacebookInstantGames.Payments","Luna.Unity.FacebookInstantGames.Tournament","Luna.Unity.FacebookInstantGames.Tournaments","Luna.Unity.FacebookInstantGames.CreateTournamentConfig","Luna.Unity.FacebookInstantGames.CreateTournamentPayload","Luna.Unity.FacebookInstantGames.ShareTournamentPayload","Luna.Unity.FacebookInstantGames.GraphApi","Luna.Unity.FacebookInstantGames.Arena","Luna.Unity.FacebookInstantGames.Arenas","Luna.Unity.FacebookInstantGames.JoinGamingSquadPayload","Luna.Unity.FacebookInstantGames.LeaveGamingSquadPayload","Luna.Unity.FacebookInstantGames.AddToGamingSquadPayload","Luna.Unity.FacebookInstantGames.CreateGamingSquadPayload","Luna.Unity.FacebookInstantGames.GamingSquad","Luna.Unity.FacebookInstantGames.Squads","Luna.Unity.FacebookInstantGames.Community","Luna.Unity.FacebookInstantGames.LiveStream","Luna.Unity.FacebookInstantGames.VideoPlayer","Luna.Unity.FacebookInstantGames.VideoPlayerInstance","Luna.Unity.FacebookInstantGames.VideoPlayerInstanceState","Luna.Unity.FacebookInstantGames.VideoPlayerPlacement","Luna.Unity.FacebookInstantGames.Room","Luna.Unity.FacebookInstantGames.LiveMatch","Luna.Unity.FacebookInstantGames.LiveMatchStatusType","Luna.Unity.FacebookInstantGames.LiveMatchPlayer","Luna.Unity.FacebookInstantGames.CameraEffectArgs","Luna.Unity.FacebookInstantGames.CameraEffects","Luna.Unity.FacebookInstantGames.FBInstant","UnityEngine.AudioSource","UnityEngine.Debug","UnityEngine.GameObject","UnityEngine.ILogger","UnityEngine.Logger","UnityEngine.ILogHandler","UnityEngine.DebugLogHandler","UnityEngine.LogType","UnityEngine.Input","UnityEngine.Touch","UnityEngine.Cursor","UnityEngine.CursorLockMode","UnityEngine.CursorMode","UnityEngine.EventSystems.EventSystem","UnityEngine.EventSystems.ExecuteEvents","UnityEngine.EventSystems.BaseInput","UnityEngine.Object","UnityEngine.Object$1","UnityEngine.Component","UnityEngine.Component$1","UnityEngine.Behaviour$1","UnityEngine.Behaviour","UnityEngine.ColorSpace","UnityEngine.MonoBehaviour","UnityEngine.EventSystems.UIBehaviour","UnityEngine.EventSystems.BaseInputModule","UnityEngine.EventSystems.PointerInputModule","UnityEngine.EventSystems.PointerInputModule.MouseState","UnityEngine.EventSystems.PointerInputModule.ButtonState","UnityEngine.EventSystems.PointerInputModule.MouseButtonEventData","UnityEngine.EventSystems.PointerEventData","UnityEngine.EventSystems.PointerEventData.FramePressState","UnityEngine.EventSystems.StandaloneInputModule","UnityEngine.EventSystems.AbstractEventData","UnityEngine.EventSystems.BaseEventData","UnityEngine.EventSystems.AxisEventData","UnityEngine.PlayerPrefs","UnityEngine.PlayerPrefs.LocalStorageProvider","UnityEngine.PlayerPrefs.FacebookStorageProvider","UnityEngine.PlayerPrefs.IProvider","UnityEngine.LunaPlaygroundAssetAttribute","UnityEngine.LunaPlaygroundFieldArrayLengthAttribute","UnityEngine.LunaPlaygroundFieldAttribute","UnityEngine.LunaPlaygroundFieldStepAttribute","UnityEngine.LunaPlaygroundSectionAttribute","UnityEngine.EventSystems.IEventSystemHandler","UnityEngine.EventSystems.IDeselectHandler","UnityEngine.EventSystems.ISelectHandler","UnityEngine.EventSystems.IPointerExitHandler","UnityEngine.EventSystems.IPointerEnterHandler","UnityEngine.EventSystems.IPointerUpHandler","UnityEngine.EventSystems.IPointerDownHandler","UnityEngine.EventSystems.IMoveHandler","UnityEngine.UI.Selectable","UnityEngine.UI.ScrollRect","UnityEngine.UI.InputField","System.Attribute","System.Exception","System.SystemException","System.NullReferenceException","System.ArgumentException","System.ArgumentOutOfRangeException","System.AggregateException","System.Enum","System.Int32","System.IComparable","System.ICloneable","System.String","System.IAsyncResult","System.IDisposable","System.Threading.Tasks.Task","System.Threading.Tasks.TaskCompletionSource","System.Collections.ICollection","System.Collections.IDictionary","System.Collections.IEnumerable","System.Collections.IEnumerator","System.Collections.Generic.IReadOnlyCollection$1","System.Collections.Generic.IReadOnlyDictionary$2","System.Collections.Generic.IEnumerable$1","System.Collections.Generic.ICollection$1","System.Collections.Generic.KeyValuePair$2","System.Collections.Generic.IDictionary$2","System.Collections.Generic.Dictionary$2","System.Collections.Generic.IEnumerator$1","System.Collections.Generic.Dictionary$2.ValueCollection.Enumerator","System.Collections.HashHelpers","System.Collections.Generic.List$1","System.Text.RegularExpressions.Regex","System.Text.RegularExpressions.RegexEngine","System.Text.RegularExpressions.Match","System.Text.RegularExpressions.Capture","System.Text.RegularExpressions.RegexOptions","System.Text.RegularExpressions.RegexRunner","System.Text.RegularExpressions.RegexEngineParser","System.Text.RegularExpressions.RegexParser","System.Text.RegularExpressions.RegexNode","System.Text.RegularExpressions.RegexReplacement","System.Text.RegularExpressions.RegexEngineBranch","System.Text.RegularExpressions.RegexEngineState","System.Text.RegularExpressions.RegexEngineBranch","System.Text.RegularExpressions.RegexEnginePass","System.Text.RegularExpressions.RegexEngineProbe","LunaUnity.Objects.Registry","UnityEngine.Application","TMPro.TextMeshProUGUI"],"environmentID":1145263631,"disabledScenes":[],"enableLunaCompilerV2":false,"optimiseShaderVariantsExport":true,"enableMecanimWASM":true,"disableAntiAliasing":true,"forceStableRandomSeed":false,"useShadersCache":true,"bakeReferenceAmbientProbe":false,"stubberDataList":[],"stubberData":{"SDKName":"","Namespace":"","className":"","buildPlatform":"","enabled":false},"playerPrefs":true,"forceSourcesBasedCompilation":false},"fonts":{"ttf":["/Library/Fonts/*.ttf","/System/Library/Fonts/**/*.ttf","C:/Windows/Fonts/*.ttf","../Assets/**/*.ttf","/usr/share/fonts/truetype/**/*.ttf"],"fontbmMac64":"tools/fontbm/mac64/fontbm","fontbmWin64":"tools/fontbm/win64/fontbm.exe","fontbmLinux64":"/usr/bin/fontbm"},"textures":{"convertMac64":"tools/imagemagick/mac64/7.1.1-29_1/magick.app/Contents/MacOS/magick","convertWin64":"tools/imagemagick/win64/ImageMagick-7.1.1-29-portable-Q8-x64/magick.exe","convertLinux64":"tools/imagemagick/unix64/7.1.1-29_1/usr/bin/magick","pngcrushMac64":"tools/pngcrush/mac64/pngcrush","pngcrushWin64":"tools/pngcrush/win64/pngcrush.exe","pngcrushLinux64":"/usr/bin/pngcrush","pngquantMac64":"tools/pngquant/mac64/pngquant","pngquantWin64":"tools/pngquant/win64/pngquant.exe","pngquantLinux64":"/usr/bin/pngquant","cwebpMac64":"tools/libwebp/mac64/cwebp","cwebpWin64":"tools/libwebp/win64/cwebp.exe","cwebpLinux64":"/usr/bin/cwebp"},"sounds":{"ffmpegMac64":"tools/ffmpeg/mac64/ffmpeg","ffmpegWin64":"tools/ffmpeg/win64/ffmpeg.exe","ffmpegLinux64":"/usr/bin/ffmpeg"},"assets":{"rules":{"texture":{"overrides":[{"maxWidth":512,"maxHeight":512,"format":"png32","compression":"none","quality":65,"script":"","ext":"","name":"Resources/unity_builtin_extra/Default-Particle"},{"maxWidth":512,"maxHeight":512,"format":"png32","compression":"none","quality":65,"script":"","ext":"","name":"Resources/unity_builtin_extra/Default-Particle"},{"maxWidth":512,"maxHeight":512,"format":"png32","compression":"none","quality":65,"script":"","ext":"","name":"Assets/TextMesh Pro/Resources/Fonts & Materials/LiberationSans SDF - Fallback.asset"},{"maxWidth":512,"maxHeight":512,"format":"png32","compression":"none","quality":65,"script":"","ext":"","name":"Assets/TextMesh Pro/Resources/Fonts & Materials/LiberationSans SDF.asset"},{"maxWidth":1024,"maxHeight":1024,"format":"png32","compression":"quantQuality","quality":65,"script":"","ext":"","name":"Assets/Sprites/Bcg 1.1.png"},{"maxWidth":1024,"maxHeight":1024,"format":"png32","compression":"quantQuality","quality":65,"script":"","ext":"","name":"Assets/Sprites/Sprite/Backgrounds/Bcg1.png"},{"maxWidth":512,"maxHeight":512,"format":"default","compression":"quantSize","quality":65,"script":"","ext":"","name":"Assets/Sprites/BG_vert.png"},{"maxWidth":1024,"maxHeight":1024,"format":"png32","compression":"quantSize","quality":65,"script":"","ext":"","name":"Assets/Sprites/Sprite/Juice/Table.png"}],"default":{"maxWidth":512,"maxHeight":512,"format":"png32","compression":"quantSize","quality":65,"script":"","ext":""}},"font":{"default":{"data":{"alphabet":" §1234567890-=qwertyuiop[]asdfghjkl;'\\`zxcvbnm,./±!@#$%^&*()_+QWERTYUIOP{}ASDFGHJKL:\"|~ZXCVBNM<>?","size":64,"textureWidth":1024,"textureHeight":1024}},"overrides":[]},"shader":{"default":{},"overrides":[]},"sound":{"default":{"channels":1,"startTime":"00:00.000","endTime":"00:00.000","lengthInSeconds":0,"bitrate":128,"script":"","ext":""},"overrides":[]},"meshes":{"default":{"halfPrecision":true},"overrides":[]},"animations":{"default":{"halfPrecision":true},"overrides":[]}}},"logLevel_Cs":"error","logLevel_Js":"trace","projectId":"7f2f46166dd2d47de965f23f8e844faa","applicationID":31350,"creativeName":"Juice-6-7","pgServer":"EU","window":{"‐″":true}}